{
    "generated": "2026-03-22T15:30:12+00:00",
    "server": "hikina.inoatech.com",
    "base_path": "/home/nicholas/public_html",
    "directories": [
        {
            "path": "a-word-from-the-pastor",
            "file_count": 23,
            "total_size_bytes": 93334,
            "total_size_mb": 0.0899999999999999966693309261245303787291049957275390625,
            "max_file_size_bytes": 15062,
            "max_file_name": "a-word-from-the-pastor/directory.html",
            "subdirectories": [
                {
                    "path": "a-word-from-the-pastor/data",
                    "file_count": 1,
                    "total_size_bytes": 883,
                    "total_size_mb": 0,
                    "max_file_size_bytes": 883,
                    "max_file_name": "a-word-from-the-pastor/data/data-index.txt",
                    "subdirectories": [],
                    "extensions": {
                        "txt": {
                            "count": 1,
                            "size_bytes": 883
                        }
                    },
                    "max_file_size_mb": 0
                }
            ],
            "extensions": {
                "html": {
                    "count": 21,
                    "size_bytes": 91852
                },
                "js": {
                    "count": 1,
                    "size_bytes": 599
                }
            },
            "max_file_size_mb": 0.01000000000000000020816681711721685132943093776702880859375
        }
    ],
    "summary": {
        "total_directories": 1,
        "total_files": 23,
        "total_size_bytes": 93334,
        "total_size_mb": 0.0899999999999999966693309261245303787291049957275390625,
        "total_size_gb": 0,
        "max_file_size_bytes": 15062,
        "max_file_size_mb": 0.01000000000000000020816681711721685132943093776702880859375,
        "max_file_name": "a-word-from-the-pastor/directory.html"
    }
}