{
    "generated": "2026-03-22T15:30:13+00:00",
    "server": "hikina.inoatech.com",
    "base_path": "/home/nicholas/public_html",
    "directories": [
        {
            "path": "akathists",
            "file_count": 48,
            "total_size_bytes": 67439817,
            "total_size_mb": 64.31999999999999317878973670303821563720703125,
            "max_file_size_bytes": 62263203,
            "max_file_name": "akathists/akathist-misc-for-those-who-have-fallen-asleep.rtf",
            "subdirectories": [
                {
                    "path": "akathists/data",
                    "file_count": 1,
                    "total_size_bytes": 1618,
                    "total_size_mb": 0,
                    "max_file_size_bytes": 1618,
                    "max_file_name": "akathists/data/data-index.txt",
                    "subdirectories": [],
                    "extensions": {
                        "txt": {
                            "count": 1,
                            "size_bytes": 1618
                        }
                    },
                    "max_file_size_mb": 0
                }
            ],
            "extensions": {
                "doc": {
                    "count": 6,
                    "size_bytes": 353292
                },
                "pdf": {
                    "count": 8,
                    "size_bytes": 4296017
                },
                "html": {
                    "count": 25,
                    "size_bytes": 247698
                },
                "rtf": {
                    "count": 5,
                    "size_bytes": 62525868
                },
                "htm": {
                    "count": 1,
                    "size_bytes": 14209
                },
                "js": {
                    "count": 2,
                    "size_bytes": 1115
                }
            },
            "max_file_size_mb": 59.38000000000000255795384873636066913604736328125
        }
    ],
    "summary": {
        "total_directories": 1,
        "total_files": 48,
        "total_size_bytes": 67439817,
        "total_size_mb": 64.31999999999999317878973670303821563720703125,
        "total_size_gb": 0.059999999999999997779553950749686919152736663818359375,
        "max_file_size_bytes": 62263203,
        "max_file_size_mb": 59.38000000000000255795384873636066913604736328125,
        "max_file_name": "akathists/akathist-misc-for-those-who-have-fallen-asleep.rtf"
    }
}