{
    "generated": "2026-03-22T15:30:13+00:00",
    "server": "hikina.inoatech.com",
    "base_path": "/home/nicholas/public_html",
    "directories": [
        {
            "path": "apostol",
            "file_count": 28,
            "total_size_bytes": 178739,
            "total_size_mb": 0.1700000000000000122124532708767219446599483489990234375,
            "max_file_size_bytes": 24800,
            "max_file_name": "apostol/directory.html",
            "subdirectories": [
                {
                    "path": "apostol/data",
                    "file_count": 1,
                    "total_size_bytes": 606,
                    "total_size_mb": 0,
                    "max_file_size_bytes": 606,
                    "max_file_name": "apostol/data/data-index.txt",
                    "subdirectories": [],
                    "extensions": {
                        "txt": {
                            "count": 1,
                            "size_bytes": 606
                        }
                    },
                    "max_file_size_mb": 0
                }
            ],
            "extensions": {
                "html": {
                    "count": 27,
                    "size_bytes": 178133
                }
            },
            "max_file_size_mb": 0.0200000000000000004163336342344337026588618755340576171875
        }
    ],
    "summary": {
        "total_directories": 1,
        "total_files": 28,
        "total_size_bytes": 178739,
        "total_size_mb": 0.1700000000000000122124532708767219446599483489990234375,
        "total_size_gb": 0,
        "max_file_size_bytes": 24800,
        "max_file_size_mb": 0.0200000000000000004163336342344337026588618755340576171875,
        "max_file_name": "apostol/directory.html"
    }
}