{
    "generated": "2026-03-22T15:30:14+00:00",
    "server": "hikina.inoatech.com",
    "base_path": "/home/nicholas/public_html",
    "directories": [
        {
            "path": "bak",
            "file_count": 19,
            "total_size_bytes": 107919,
            "total_size_mb": 0.1000000000000000055511151231257827021181583404541015625,
            "max_file_size_bytes": 32066,
            "max_file_name": "bak/directory.html",
            "subdirectories": [
                {
                    "path": "bak/data",
                    "file_count": 0,
                    "total_size_bytes": 0,
                    "total_size_mb": 0,
                    "max_file_size_bytes": 0,
                    "max_file_name": "",
                    "subdirectories": [],
                    "extensions": [],
                    "max_file_size_mb": 0
                }
            ],
            "extensions": {
                "html": {
                    "count": 19,
                    "size_bytes": 107919
                }
            },
            "max_file_size_mb": 0.0299999999999999988897769753748434595763683319091796875
        }
    ],
    "summary": {
        "total_directories": 1,
        "total_files": 19,
        "total_size_bytes": 107919,
        "total_size_mb": 0.1000000000000000055511151231257827021181583404541015625,
        "total_size_gb": 0,
        "max_file_size_bytes": 32066,
        "max_file_size_mb": 0.0299999999999999988897769753748434595763683319091796875,
        "max_file_name": "bak/directory.html"
    }
}