{
    "generated": "2026-03-22T15:30:14+00:00",
    "server": "hikina.inoatech.com",
    "base_path": "/home/nicholas/public_html",
    "directories": [
        {
            "path": "banners",
            "file_count": 29,
            "total_size_bytes": 191905,
            "total_size_mb": 0.179999999999999993338661852249060757458209991455078125,
            "max_file_size_bytes": 34556,
            "max_file_name": "banners/directory.html",
            "subdirectories": [
                {
                    "path": "banners/data",
                    "file_count": 0,
                    "total_size_bytes": 0,
                    "total_size_mb": 0,
                    "max_file_size_bytes": 0,
                    "max_file_name": "",
                    "subdirectories": [],
                    "extensions": [],
                    "max_file_size_mb": 0
                }
            ],
            "extensions": {
                "html": {
                    "count": 22,
                    "size_bytes": 120639
                },
                "gif": {
                    "count": 3,
                    "size_bytes": 35001
                },
                "js": {
                    "count": 2,
                    "size_bytes": 1041
                },
                "jpg": {
                    "count": 2,
                    "size_bytes": 35224
                }
            },
            "max_file_size_mb": 0.0299999999999999988897769753748434595763683319091796875
        }
    ],
    "summary": {
        "total_directories": 1,
        "total_files": 29,
        "total_size_bytes": 191905,
        "total_size_mb": 0.179999999999999993338661852249060757458209991455078125,
        "total_size_gb": 0,
        "max_file_size_bytes": 34556,
        "max_file_size_mb": 0.0299999999999999988897769753748434595763683319091796875,
        "max_file_name": "banners/directory.html"
    }
}