{
    "generated": "2026-03-22T15:30:16+00:00",
    "server": "hikina.inoatech.com",
    "base_path": "/home/nicholas/public_html",
    "directories": [
        {
            "path": "doyouhaveaminute",
            "file_count": 8,
            "total_size_bytes": 135204,
            "total_size_mb": 0.13000000000000000444089209850062616169452667236328125,
            "max_file_size_bytes": 30133,
            "max_file_name": "doyouhaveaminute/stewardship.html",
            "subdirectories": [
                {
                    "path": "doyouhaveaminute/data",
                    "file_count": 1,
                    "total_size_bytes": 881,
                    "total_size_mb": 0,
                    "max_file_size_bytes": 881,
                    "max_file_name": "doyouhaveaminute/data/data-index.txt",
                    "subdirectories": [],
                    "extensions": {
                        "txt": {
                            "count": 1,
                            "size_bytes": 881
                        }
                    },
                    "max_file_size_mb": 0
                }
            ],
            "extensions": {
                "js": {
                    "count": 1,
                    "size_bytes": 644
                },
                "html": {
                    "count": 6,
                    "size_bytes": 133679
                }
            },
            "max_file_size_mb": 0.0299999999999999988897769753748434595763683319091796875
        }
    ],
    "summary": {
        "total_directories": 1,
        "total_files": 8,
        "total_size_bytes": 135204,
        "total_size_mb": 0.13000000000000000444089209850062616169452667236328125,
        "total_size_gb": 0,
        "max_file_size_bytes": 30133,
        "max_file_size_mb": 0.0299999999999999988897769753748434595763683319091796875,
        "max_file_name": "doyouhaveaminute/stewardship.html"
    }
}