{
    "generated": "2026-03-22T15:30:18+00:00",
    "server": "hikina.inoatech.com",
    "base_path": "/home/nicholas/public_html",
    "directories": [
        {
            "path": "fathers",
            "file_count": 29,
            "total_size_bytes": 730170,
            "total_size_mb": 0.6999999999999999555910790149937383830547332763671875,
            "max_file_size_bytes": 148365,
            "max_file_name": "fathers/exactiv.html",
            "subdirectories": [
                {
                    "path": "fathers/data",
                    "file_count": 1,
                    "total_size_bytes": 606,
                    "total_size_mb": 0,
                    "max_file_size_bytes": 606,
                    "max_file_name": "fathers/data/data-index.txt",
                    "subdirectories": [],
                    "extensions": {
                        "txt": {
                            "count": 1,
                            "size_bytes": 606
                        }
                    },
                    "max_file_size_mb": 0
                }
            ],
            "extensions": {
                "html": {
                    "count": 26,
                    "size_bytes": 728253
                },
                "js": {
                    "count": 2,
                    "size_bytes": 1311
                }
            },
            "max_file_size_mb": 0.14000000000000001332267629550187848508358001708984375
        }
    ],
    "summary": {
        "total_directories": 1,
        "total_files": 29,
        "total_size_bytes": 730170,
        "total_size_mb": 0.6999999999999999555910790149937383830547332763671875,
        "total_size_gb": 0,
        "max_file_size_bytes": 148365,
        "max_file_size_mb": 0.14000000000000001332267629550187848508358001708984375,
        "max_file_name": "fathers/exactiv.html"
    }
}