{
    "generated": "2026-03-22T15:30:19+00:00",
    "server": "hikina.inoatech.com",
    "base_path": "/home/nicholas/public_html",
    "directories": [
        {
            "path": "guestbook",
            "file_count": 25,
            "total_size_bytes": 191812,
            "total_size_mb": 0.179999999999999993338661852249060757458209991455078125,
            "max_file_size_bytes": 99296,
            "max_file_name": "guestbook/directory.html",
            "subdirectories": [
                {
                    "path": "guestbook/data",
                    "file_count": 0,
                    "total_size_bytes": 0,
                    "total_size_mb": 0,
                    "max_file_size_bytes": 0,
                    "max_file_name": "",
                    "subdirectories": [],
                    "extensions": [],
                    "max_file_size_mb": 0
                }
            ],
            "extensions": {
                "html": {
                    "count": 23,
                    "size_bytes": 190755
                },
                "js": {
                    "count": 2,
                    "size_bytes": 1057
                }
            },
            "max_file_size_mb": 0.0899999999999999966693309261245303787291049957275390625
        }
    ],
    "summary": {
        "total_directories": 1,
        "total_files": 25,
        "total_size_bytes": 191812,
        "total_size_mb": 0.179999999999999993338661852249060757458209991455078125,
        "total_size_gb": 0,
        "max_file_size_bytes": 99296,
        "max_file_size_mb": 0.0899999999999999966693309261245303787291049957275390625,
        "max_file_name": "guestbook/directory.html"
    }
}