{
    "generated": "2026-03-22T15:30:20+00:00",
    "server": "hikina.inoatech.com",
    "base_path": "/home/nicholas/public_html",
    "directories": [
        {
            "path": "last-upload.all",
            "file_count": 19,
            "total_size_bytes": 191654,
            "total_size_mb": 0.179999999999999993338661852249060757458209991455078125,
            "max_file_size_bytes": 124136,
            "max_file_name": "last-upload.all/directory.html",
            "subdirectories": [
                {
                    "path": "last-upload.all/data",
                    "file_count": 0,
                    "total_size_bytes": 0,
                    "total_size_mb": 0,
                    "max_file_size_bytes": 0,
                    "max_file_name": "",
                    "subdirectories": [],
                    "extensions": [],
                    "max_file_size_mb": 0
                }
            ],
            "extensions": {
                "html": {
                    "count": 19,
                    "size_bytes": 191654
                }
            },
            "max_file_size_mb": 0.11999999999999999555910790149937383830547332763671875
        }
    ],
    "summary": {
        "total_directories": 1,
        "total_files": 19,
        "total_size_bytes": 191654,
        "total_size_mb": 0.179999999999999993338661852249060757458209991455078125,
        "total_size_gb": 0,
        "max_file_size_bytes": 124136,
        "max_file_size_mb": 0.11999999999999999555910790149937383830547332763671875,
        "max_file_name": "last-upload.all/directory.html"
    }
}