{
    "generated": "2026-03-22T15:30:22+00:00",
    "server": "hikina.inoatech.com",
    "base_path": "/home/nicholas/public_html",
    "directories": [
        {
            "path": "menaion-december",
            "file_count": 212,
            "total_size_bytes": 1967557,
            "total_size_mb": 1.87999999999999989341858963598497211933135986328125,
            "max_file_size_bytes": 140474,
            "max_file_name": "menaion-december/directory.html",
            "subdirectories": [
                {
                    "path": "menaion-december/data",
                    "file_count": 1,
                    "total_size_bytes": 22627,
                    "total_size_mb": 0.0200000000000000004163336342344337026588618755340576171875,
                    "max_file_size_bytes": 22627,
                    "max_file_name": "menaion-december/data/data-index.txt",
                    "subdirectories": [],
                    "extensions": {
                        "txt": {
                            "count": 1,
                            "size_bytes": 22627
                        }
                    },
                    "max_file_size_mb": 0.0200000000000000004163336342344337026588618755340576171875
                }
            ],
            "extensions": {
                "html": {
                    "count": 209,
                    "size_bytes": 1943620
                },
                "js": {
                    "count": 1,
                    "size_bytes": 507
                },
                "txt": {
                    "count": 1,
                    "size_bytes": 803
                }
            },
            "max_file_size_mb": 0.13000000000000000444089209850062616169452667236328125
        }
    ],
    "summary": {
        "total_directories": 1,
        "total_files": 212,
        "total_size_bytes": 1967557,
        "total_size_mb": 1.87999999999999989341858963598497211933135986328125,
        "total_size_gb": 0,
        "max_file_size_bytes": 140474,
        "max_file_size_mb": 0.13000000000000000444089209850062616169452667236328125,
        "max_file_name": "menaion-december/directory.html"
    }
}