{
    "generated": "2026-03-22T15:30:22+00:00",
    "server": "hikina.inoatech.com",
    "base_path": "/home/nicholas/public_html",
    "directories": [
        {
            "path": "menaion-january",
            "file_count": 213,
            "total_size_bytes": 1836914,
            "total_size_mb": 1.75,
            "max_file_size_bytes": 145339,
            "max_file_name": "menaion-january/directory.html",
            "subdirectories": [
                {
                    "path": "menaion-january/data",
                    "file_count": 1,
                    "total_size_bytes": 19191,
                    "total_size_mb": 0.0200000000000000004163336342344337026588618755340576171875,
                    "max_file_size_bytes": 19191,
                    "max_file_name": "menaion-january/data/data-index.txt",
                    "subdirectories": [],
                    "extensions": {
                        "txt": {
                            "count": 1,
                            "size_bytes": 19191
                        }
                    },
                    "max_file_size_mb": 0.0200000000000000004163336342344337026588618755340576171875
                }
            ],
            "extensions": {
                "html": {
                    "count": 211,
                    "size_bytes": 1817217
                },
                "js": {
                    "count": 1,
                    "size_bytes": 506
                }
            },
            "max_file_size_mb": 0.14000000000000001332267629550187848508358001708984375
        }
    ],
    "summary": {
        "total_directories": 1,
        "total_files": 213,
        "total_size_bytes": 1836914,
        "total_size_mb": 1.75,
        "total_size_gb": 0,
        "max_file_size_bytes": 145339,
        "max_file_size_mb": 0.14000000000000001332267629550187848508358001708984375,
        "max_file_name": "menaion-january/directory.html"
    }
}