{
    "generated": "2026-03-22T15:30:23+00:00",
    "server": "hikina.inoatech.com",
    "base_path": "/home/nicholas/public_html",
    "directories": [
        {
            "path": "menaion-october",
            "file_count": 216,
            "total_size_bytes": 1824772,
            "total_size_mb": 1.7399999999999999911182158029987476766109466552734375,
            "max_file_size_bytes": 161467,
            "max_file_name": "menaion-october/directory.html",
            "subdirectories": [
                {
                    "path": "menaion-october/data",
                    "file_count": 1,
                    "total_size_bytes": 606,
                    "total_size_mb": 0,
                    "max_file_size_bytes": 606,
                    "max_file_name": "menaion-october/data/data-index.txt",
                    "subdirectories": [],
                    "extensions": {
                        "txt": {
                            "count": 1,
                            "size_bytes": 606
                        }
                    },
                    "max_file_size_mb": 0
                }
            ],
            "extensions": {
                "html": {
                    "count": 214,
                    "size_bytes": 1823660
                },
                "js": {
                    "count": 1,
                    "size_bytes": 506
                }
            },
            "max_file_size_mb": 0.1499999999999999944488848768742172978818416595458984375
        }
    ],
    "summary": {
        "total_directories": 1,
        "total_files": 216,
        "total_size_bytes": 1824772,
        "total_size_mb": 1.7399999999999999911182158029987476766109466552734375,
        "total_size_gb": 0,
        "max_file_size_bytes": 161467,
        "max_file_size_mb": 0.1499999999999999944488848768742172978818416595458984375,
        "max_file_name": "menaion-october/directory.html"
    }
}