{
    "generated": "2026-03-22T15:30:23+00:00",
    "server": "hikina.inoatech.com",
    "base_path": "/home/nicholas/public_html",
    "directories": [
        {
            "path": "menaion-may",
            "file_count": 203,
            "total_size_bytes": 1700518,
            "total_size_mb": 1.62000000000000010658141036401502788066864013671875,
            "max_file_size_bytes": 155899,
            "max_file_name": "menaion-may/directory.html",
            "subdirectories": [
                {
                    "path": "menaion-may/data",
                    "file_count": 1,
                    "total_size_bytes": 606,
                    "total_size_mb": 0,
                    "max_file_size_bytes": 606,
                    "max_file_name": "menaion-may/data/data-index.txt",
                    "subdirectories": [],
                    "extensions": {
                        "txt": {
                            "count": 1,
                            "size_bytes": 606
                        }
                    },
                    "max_file_size_mb": 0
                }
            ],
            "extensions": {
                "html": {
                    "count": 201,
                    "size_bytes": 1699410
                },
                "js": {
                    "count": 1,
                    "size_bytes": 502
                }
            },
            "max_file_size_mb": 0.1499999999999999944488848768742172978818416595458984375
        }
    ],
    "summary": {
        "total_directories": 1,
        "total_files": 203,
        "total_size_bytes": 1700518,
        "total_size_mb": 1.62000000000000010658141036401502788066864013671875,
        "total_size_gb": 0,
        "max_file_size_bytes": 155899,
        "max_file_size_mb": 0.1499999999999999944488848768742172978818416595458984375,
        "max_file_name": "menaion-may/directory.html"
    }
}