{
    "generated": "2026-03-22T15:30:23+00:00",
    "server": "hikina.inoatech.com",
    "base_path": "/home/nicholas/public_html",
    "directories": [
        {
            "path": "menaion-september",
            "file_count": 318,
            "total_size_bytes": 2774822,
            "total_size_mb": 2.649999999999999911182158029987476766109466552734375,
            "max_file_size_bytes": 164268,
            "max_file_name": "menaion-september/directory.html",
            "subdirectories": [
                {
                    "path": "menaion-september/data",
                    "file_count": 1,
                    "total_size_bytes": 606,
                    "total_size_mb": 0,
                    "max_file_size_bytes": 606,
                    "max_file_name": "menaion-september/data/data-index.txt",
                    "subdirectories": [],
                    "extensions": {
                        "txt": {
                            "count": 1,
                            "size_bytes": 606
                        }
                    },
                    "max_file_size_mb": 0
                }
            ],
            "extensions": {
                "html": {
                    "count": 316,
                    "size_bytes": 2773708
                },
                "js": {
                    "count": 1,
                    "size_bytes": 508
                }
            },
            "max_file_size_mb": 0.1600000000000000033306690738754696212708950042724609375
        }
    ],
    "summary": {
        "total_directories": 1,
        "total_files": 318,
        "total_size_bytes": 2774822,
        "total_size_mb": 2.649999999999999911182158029987476766109466552734375,
        "total_size_gb": 0,
        "max_file_size_bytes": 164268,
        "max_file_size_mb": 0.1600000000000000033306690738754696212708950042724609375,
        "max_file_name": "menaion-september/directory.html"
    }
}