{
    "generated": "2026-03-22T15:30:22+00:00",
    "server": "hikina.inoatech.com",
    "base_path": "/home/nicholas/public_html",
    "directories": [
        {
            "path": "menaion-august",
            "file_count": 214,
            "total_size_bytes": 1784777,
            "total_size_mb": 1.6999999999999999555910790149937383830547332763671875,
            "max_file_size_bytes": 137036,
            "max_file_name": "menaion-august/directory.html",
            "subdirectories": [
                {
                    "path": "menaion-august/data",
                    "file_count": 1,
                    "total_size_bytes": 606,
                    "total_size_mb": 0,
                    "max_file_size_bytes": 606,
                    "max_file_name": "menaion-august/data/data-index.txt",
                    "subdirectories": [],
                    "extensions": {
                        "txt": {
                            "count": 1,
                            "size_bytes": 606
                        }
                    },
                    "max_file_size_mb": 0
                }
            ],
            "extensions": {
                "html": {
                    "count": 212,
                    "size_bytes": 1782982
                },
                "js": {
                    "count": 1,
                    "size_bytes": 1189
                }
            },
            "max_file_size_mb": 0.13000000000000000444089209850062616169452667236328125
        }
    ],
    "summary": {
        "total_directories": 1,
        "total_files": 214,
        "total_size_bytes": 1784777,
        "total_size_mb": 1.6999999999999999555910790149937383830547332763671875,
        "total_size_gb": 0,
        "max_file_size_bytes": 137036,
        "max_file_size_mb": 0.13000000000000000444089209850062616169452667236328125,
        "max_file_name": "menaion-august/directory.html"
    }
}