{
    "generated": "2026-03-22T15:30:21+00:00",
    "server": "hikina.inoatech.com",
    "base_path": "/home/nicholas/public_html",
    "directories": [
        {
            "path": "menaion-april",
            "file_count": 200,
            "total_size_bytes": 1686903,
            "total_size_mb": 1.6100000000000000976996261670137755572795867919921875,
            "max_file_size_bytes": 134948,
            "max_file_name": "menaion-april/directory.html",
            "subdirectories": [
                {
                    "path": "menaion-april/data",
                    "file_count": 1,
                    "total_size_bytes": 606,
                    "total_size_mb": 0,
                    "max_file_size_bytes": 606,
                    "max_file_name": "menaion-april/data/data-index.txt",
                    "subdirectories": [],
                    "extensions": {
                        "txt": {
                            "count": 1,
                            "size_bytes": 606
                        }
                    },
                    "max_file_size_mb": 0
                }
            ],
            "extensions": {
                "html": {
                    "count": 198,
                    "size_bytes": 1685793
                },
                "js": {
                    "count": 1,
                    "size_bytes": 504
                }
            },
            "max_file_size_mb": 0.13000000000000000444089209850062616169452667236328125
        }
    ],
    "summary": {
        "total_directories": 1,
        "total_files": 200,
        "total_size_bytes": 1686903,
        "total_size_mb": 1.6100000000000000976996261670137755572795867919921875,
        "total_size_gb": 0,
        "max_file_size_bytes": 134948,
        "max_file_size_mb": 0.13000000000000000444089209850062616169452667236328125,
        "max_file_name": "menaion-april/directory.html"
    }
}