{
    "generated": "2026-03-22T15:30:24+00:00",
    "server": "hikina.inoatech.com",
    "base_path": "/home/nicholas/public_html",
    "directories": [
        {
            "path": "moleben",
            "file_count": 20,
            "total_size_bytes": 315233,
            "total_size_mb": 0.299999999999999988897769753748434595763683319091796875,
            "max_file_size_bytes": 179400,
            "max_file_name": "moleben/directory.html",
            "subdirectories": [
                {
                    "path": "moleben/data",
                    "file_count": 0,
                    "total_size_bytes": 0,
                    "total_size_mb": 0,
                    "max_file_size_bytes": 0,
                    "max_file_name": "",
                    "subdirectories": [],
                    "extensions": [],
                    "max_file_size_mb": 0
                }
            ],
            "extensions": {
                "html": {
                    "count": 19,
                    "size_bytes": 246054
                },
                "htm": {
                    "count": 1,
                    "size_bytes": 69179
                }
            },
            "max_file_size_mb": 0.1700000000000000122124532708767219446599483489990234375
        }
    ],
    "summary": {
        "total_directories": 1,
        "total_files": 20,
        "total_size_bytes": 315233,
        "total_size_mb": 0.299999999999999988897769753748434595763683319091796875,
        "total_size_gb": 0,
        "max_file_size_bytes": 179400,
        "max_file_size_mb": 0.1700000000000000122124532708767219446599483489990234375,
        "max_file_name": "moleben/directory.html"
    }
}