{
    "generated": "2026-03-22T15:30:24+00:00",
    "server": "hikina.inoatech.com",
    "base_path": "/home/nicholas/public_html",
    "directories": [
        {
            "path": "monastic-stories",
            "file_count": 25,
            "total_size_bytes": 269493,
            "total_size_mb": 0.2600000000000000088817841970012523233890533447265625,
            "max_file_size_bytes": 182244,
            "max_file_name": "monastic-stories/directory.html",
            "subdirectories": [
                {
                    "path": "monastic-stories/data",
                    "file_count": 1,
                    "total_size_bytes": 606,
                    "total_size_mb": 0,
                    "max_file_size_bytes": 606,
                    "max_file_name": "monastic-stories/data/data-index.txt",
                    "subdirectories": [],
                    "extensions": {
                        "txt": {
                            "count": 1,
                            "size_bytes": 606
                        }
                    },
                    "max_file_size_mb": 0
                }
            ],
            "extensions": {
                "html": {
                    "count": 22,
                    "size_bytes": 267687
                },
                "js": {
                    "count": 2,
                    "size_bytes": 1200
                }
            },
            "max_file_size_mb": 0.1700000000000000122124532708767219446599483489990234375
        }
    ],
    "summary": {
        "total_directories": 1,
        "total_files": 25,
        "total_size_bytes": 269493,
        "total_size_mb": 0.2600000000000000088817841970012523233890533447265625,
        "total_size_gb": 0,
        "max_file_size_bytes": 182244,
        "max_file_size_mb": 0.1700000000000000122124532708767219446599483489990234375,
        "max_file_name": "monastic-stories/directory.html"
    }
}