{
    "generated": "2026-03-22T15:30:25+00:00",
    "server": "hikina.inoatech.com",
    "base_path": "/home/nicholas/public_html",
    "directories": [
        {
            "path": "nativity",
            "file_count": 69,
            "total_size_bytes": 1074570,
            "total_size_mb": 1.020000000000000017763568394002504646778106689453125,
            "max_file_size_bytes": 187092,
            "max_file_name": "nativity/directory.html",
            "subdirectories": [
                {
                    "path": "nativity/copy of txt",
                    "file_count": 12,
                    "total_size_bytes": 32196,
                    "total_size_mb": 0.0299999999999999988897769753748434595763683319091796875,
                    "max_file_size_bytes": 7988,
                    "max_file_name": "nativity/copy of txt/nativity-leo-1.txt",
                    "subdirectories": [],
                    "extensions": {
                        "html": {
                            "count": 3,
                            "size_bytes": 10762
                        },
                        "js": {
                            "count": 1,
                            "size_bytes": 505
                        },
                        "txt": {
                            "count": 8,
                            "size_bytes": 20929
                        }
                    },
                    "max_file_size_mb": 0.01000000000000000020816681711721685132943093776702880859375
                },
                {
                    "path": "nativity/data",
                    "file_count": 1,
                    "total_size_bytes": 8274,
                    "total_size_mb": 0.01000000000000000020816681711721685132943093776702880859375,
                    "max_file_size_bytes": 8274,
                    "max_file_name": "nativity/data/data-index.txt",
                    "subdirectories": [],
                    "extensions": {
                        "txt": {
                            "count": 1,
                            "size_bytes": 8274
                        }
                    },
                    "max_file_size_mb": 0.01000000000000000020816681711721685132943093776702880859375
                },
                {
                    "path": "nativity/of",
                    "file_count": 0,
                    "total_size_bytes": 0,
                    "total_size_mb": 0,
                    "max_file_size_bytes": 0,
                    "max_file_name": "",
                    "subdirectories": [],
                    "extensions": [],
                    "max_file_size_mb": 0
                }
            ],
            "extensions": {
                "html": {
                    "count": 47,
                    "size_bytes": 660375
                },
                "pdf": {
                    "count": 1,
                    "size_bytes": 142508
                },
                "jpg": {
                    "count": 2,
                    "size_bytes": 53229
                },
                "gif": {
                    "count": 1,
                    "size_bytes": 1101
                },
                "js": {
                    "count": 2,
                    "size_bytes": 1102
                },
                "rtf": {
                    "count": 3,
                    "size_bytes": 175785
                }
            },
            "max_file_size_mb": 0.179999999999999993338661852249060757458209991455078125
        }
    ],
    "summary": {
        "total_directories": 1,
        "total_files": 69,
        "total_size_bytes": 1074570,
        "total_size_mb": 1.020000000000000017763568394002504646778106689453125,
        "total_size_gb": 0,
        "max_file_size_bytes": 187092,
        "max_file_size_mb": 0.179999999999999993338661852249060757458209991455078125,
        "max_file_name": "nativity/directory.html"
    }
}