{
    "generated": "2026-03-22T15:30:25+00:00",
    "server": "hikina.inoatech.com",
    "base_path": "/home/nicholas/public_html",
    "directories": [
        {
            "path": "osb",
            "file_count": 49,
            "total_size_bytes": 987935,
            "total_size_mb": 0.939999999999999946709294817992486059665679931640625,
            "max_file_size_bytes": 196782,
            "max_file_name": "osb/directory.html",
            "subdirectories": [
                {
                    "path": "osb/data",
                    "file_count": 0,
                    "total_size_bytes": 0,
                    "total_size_mb": 0,
                    "max_file_size_bytes": 0,
                    "max_file_name": "",
                    "subdirectories": [],
                    "extensions": [],
                    "max_file_size_mb": 0
                }
            ],
            "extensions": {
                "html": {
                    "count": 46,
                    "size_bytes": 986767
                },
                "bat": {
                    "count": 1,
                    "size_bytes": 93
                },
                "js": {
                    "count": 2,
                    "size_bytes": 1075
                }
            },
            "max_file_size_mb": 0.190000000000000002220446049250313080847263336181640625
        }
    ],
    "summary": {
        "total_directories": 1,
        "total_files": 49,
        "total_size_bytes": 987935,
        "total_size_mb": 0.939999999999999946709294817992486059665679931640625,
        "total_size_gb": 0,
        "max_file_size_bytes": 196782,
        "max_file_size_mb": 0.190000000000000002220446049250313080847263336181640625,
        "max_file_name": "osb/directory.html"
    }
}