{
    "generated": "2026-03-22T15:30:26+00:00",
    "server": "hikina.inoatech.com",
    "base_path": "/home/nicholas/public_html",
    "directories": [
        {
            "path": "photos",
            "file_count": 516,
            "total_size_bytes": 332296426,
            "total_size_mb": 316.8999999999999772626324556767940521240234375,
            "max_file_size_bytes": 14110091,
            "max_file_name": "photos/services/holy-week-2016-saturday-liturgy-great-entrance-01.CR2",
            "subdirectories": [
                {
                    "path": "photos/2011-02-hermitage-of-the-holy-cross",
                    "file_count": 2,
                    "total_size_bytes": 11833086,
                    "total_size_mb": 11.2799999999999993605115378159098327159881591796875,
                    "max_file_size_bytes": 6121180,
                    "max_file_name": "photos/2011-02-hermitage-of-the-holy-cross/2011-02-hermitage-of-the-holy-cross-retreat-facing-princess-tulip.jpg",
                    "subdirectories": [],
                    "extensions": {
                        "jpg": {
                            "count": 2,
                            "size_bytes": 11833086
                        }
                    },
                    "max_file_size_mb": 5.839999999999999857891452847979962825775146484375
                },
                {
                    "path": "photos/announcements",
                    "file_count": 37,
                    "total_size_bytes": 93787361,
                    "total_size_mb": 89.43999999999999772626324556767940521240234375,
                    "max_file_size_bytes": 8091164,
                    "max_file_name": "photos/announcements/DSC_6442.JPG",
                    "subdirectories": [],
                    "extensions": {
                        "jpg": {
                            "count": 33,
                            "size_bytes": 93768923
                        },
                        "pl": {
                            "count": 1,
                            "size_bytes": 404
                        },
                        "bak": {
                            "count": 1,
                            "size_bytes": 385
                        },
                        "html": {
                            "count": 1,
                            "size_bytes": 10577
                        },
                        "js": {
                            "count": 1,
                            "size_bytes": 7072
                        }
                    },
                    "max_file_size_mb": 7.71999999999999975131004248396493494510650634765625
                },
                {
                    "path": "photos/daniel",
                    "file_count": 0,
                    "total_size_bytes": 0,
                    "total_size_mb": 0,
                    "max_file_size_bytes": 0,
                    "max_file_name": "",
                    "subdirectories": [],
                    "extensions": [],
                    "max_file_size_mb": 0
                },
                {
                    "path": "photos/data",
                    "file_count": 0,
                    "total_size_bytes": 0,
                    "total_size_mb": 0,
                    "max_file_size_bytes": 0,
                    "max_file_name": "",
                    "subdirectories": [],
                    "extensions": [],
                    "max_file_size_mb": 0
                },
                {
                    "path": "photos/indian-creek",
                    "file_count": 4,
                    "total_size_bytes": 651005,
                    "total_size_mb": 0.61999999999999999555910790149937383830547332763671875,
                    "max_file_size_bytes": 204507,
                    "max_file_name": "photos/indian-creek/matthias-lifting-indian-creek-tx.jpg",
                    "subdirectories": [],
                    "extensions": {
                        "jpg": {
                            "count": 4,
                            "size_bytes": 651005
                        }
                    },
                    "max_file_size_mb": 0.200000000000000011102230246251565404236316680908203125
                },
                {
                    "path": "photos/kenya",
                    "file_count": 110,
                    "total_size_bytes": 20891533,
                    "total_size_mb": 19.9200000000000017053025658242404460906982421875,
                    "max_file_size_bytes": 829198,
                    "max_file_name": "photos/kenya/blog-10-fence-04.JPG",
                    "subdirectories": [],
                    "extensions": {
                        "jpg": {
                            "count": 107,
                            "size_bytes": 20147968
                        },
                        "png": {
                            "count": 3,
                            "size_bytes": 743565
                        }
                    },
                    "max_file_size_mb": 0.79000000000000003552713678800500929355621337890625
                },
                {
                    "path": "photos/kids",
                    "file_count": 21,
                    "total_size_bytes": 21350573,
                    "total_size_mb": 20.3599999999999994315658113919198513031005859375,
                    "max_file_size_bytes": 1633089,
                    "max_file_name": "photos/kids/P7040009.JPG",
                    "subdirectories": [],
                    "extensions": {
                        "jpg": {
                            "count": 21,
                            "size_bytes": 21350573
                        }
                    },
                    "max_file_size_mb": 1.560000000000000053290705182007513940334320068359375
                },
                {
                    "path": "photos/parish",
                    "file_count": 96,
                    "total_size_bytes": 50559119,
                    "total_size_mb": 48.219999999999998863131622783839702606201171875,
                    "max_file_size_bytes": 7435105,
                    "max_file_name": "photos/parish/sermon-to-children-01.jpg",
                    "subdirectories": [],
                    "extensions": {
                        "jpg": {
                            "count": 96,
                            "size_bytes": 50559119
                        }
                    },
                    "max_file_size_mb": 7.089999999999999857891452847979962825775146484375
                },
                {
                    "path": "photos/priest-seraphim",
                    "file_count": 11,
                    "total_size_bytes": 4729732,
                    "total_size_mb": 4.5099999999999997868371792719699442386627197265625,
                    "max_file_size_bytes": 1900798,
                    "max_file_name": "photos/priest-seraphim/saints-11-28_2018+martyr-stephen-the-new-new-martyr-christos-emperor-maurice-01.png",
                    "subdirectories": [],
                    "extensions": {
                        "jpg": {
                            "count": 7,
                            "size_bytes": 492893
                        },
                        "png": {
                            "count": 4,
                            "size_bytes": 4236839
                        }
                    },
                    "max_file_size_mb": 1.810000000000000053290705182007513940334320068359375
                },
                {
                    "path": "photos/prison-ministry",
                    "file_count": 12,
                    "total_size_bytes": 3694260,
                    "total_size_mb": 3.520000000000000017763568394002504646778106689453125,
                    "max_file_size_bytes": 1608440,
                    "max_file_name": "photos/prison-ministry/tdcj-picture-of-greek-orthodox-prayer-beads.jpg",