{
    "generated": "2026-03-22T15:30:27+00:00",
    "server": "hikina.inoatech.com",
    "base_path": "/home/nicholas/public_html",
    "directories": [
        {
            "path": "prisonministry",
            "file_count": 4,
            "total_size_bytes": 29986,
            "total_size_mb": 0.0299999999999999988897769753748434595763683319091796875,
            "max_file_size_bytes": 15486,
            "max_file_name": "prisonministry/index.html",
            "subdirectories": [],
            "extensions": {
                "js": {
                    "count": 2,
                    "size_bytes": 1372
                },
                "html": {
                    "count": 2,
                    "size_bytes": 28614
                }
            },
            "max_file_size_mb": 0.01000000000000000020816681711721685132943093776702880859375
        }
    ],
    "summary": {
        "total_directories": 1,
        "total_files": 4,
        "total_size_bytes": 29986,
        "total_size_mb": 0.0299999999999999988897769753748434595763683319091796875,
        "total_size_gb": 0,
        "max_file_size_bytes": 15486,
        "max_file_size_mb": 0.01000000000000000020816681711721685132943093776702880859375,
        "max_file_name": "prisonministry/index.html"
    }
}