{
    "generated": "2026-03-22T15:30:27+00:00",
    "server": "hikina.inoatech.com",
    "base_path": "/home/nicholas/public_html",
    "directories": [
        {
            "path": "questions2",
            "file_count": 104,
            "total_size_bytes": 1863858,
            "total_size_mb": 1.7800000000000000266453525910037569701671600341796875,
            "max_file_size_bytes": 227964,
            "max_file_name": "questions2/directory.html",
            "subdirectories": [
                {
                    "path": "questions2/data",
                    "file_count": 0,
                    "total_size_bytes": 0,
                    "total_size_mb": 0,
                    "max_file_size_bytes": 0,
                    "max_file_name": "",
                    "subdirectories": [],
                    "extensions": [],
                    "max_file_size_mb": 0
                }
            ],
            "extensions": {
                "html": {
                    "count": 103,
                    "size_bytes": 1863229
                },
                "js": {
                    "count": 1,
                    "size_bytes": 629
                }
            },
            "max_file_size_mb": 0.2200000000000000011102230246251565404236316680908203125
        }
    ],
    "summary": {
        "total_directories": 1,
        "total_files": 104,
        "total_size_bytes": 1863858,
        "total_size_mb": 1.7800000000000000266453525910037569701671600341796875,
        "total_size_gb": 0,
        "max_file_size_bytes": 227964,
        "max_file_size_mb": 0.2200000000000000011102230246251565404236316680908203125,
        "max_file_name": "questions2/directory.html"
    }
}