{
    "generated": "2026-03-22T15:30:29+00:00",
    "server": "hikina.inoatech.com",
    "base_path": "/home/nicholas/public_html",
    "directories": [
        {
            "path": "redeemingthetime.backup",
            "file_count": 19,
            "total_size_bytes": 310491,
            "total_size_mb": 0.299999999999999988897769753748434595763683319091796875,
            "max_file_size_bytes": 241236,
            "max_file_name": "redeemingthetime.backup/directory.html",
            "subdirectories": [],
            "extensions": {
                "html": {
                    "count": 19,
                    "size_bytes": 310491
                }
            },
            "max_file_size_mb": 0.2300000000000000099920072216264088638126850128173828125
        }
    ],
    "summary": {
        "total_directories": 1,
        "total_files": 19,
        "total_size_bytes": 310491,
        "total_size_mb": 0.299999999999999988897769753748434595763683319091796875,
        "total_size_gb": 0,
        "max_file_size_bytes": 241236,
        "max_file_size_mb": 0.2300000000000000099920072216264088638126850128173828125,
        "max_file_name": "redeemingthetime.backup/directory.html"
    }
}