{
    "generated": "2026-03-22T15:30:29+00:00",
    "server": "hikina.inoatech.com",
    "base_path": "/home/nicholas/public_html",
    "directories": [
        {
            "path": "referenc",
            "file_count": 24,
            "total_size_bytes": 330629,
            "total_size_mb": 0.320000000000000006661338147750939242541790008544921875,
            "max_file_size_bytes": 243648,
            "max_file_name": "referenc/directory.html",
            "subdirectories": [
                {
                    "path": "referenc/data",
                    "file_count": 0,
                    "total_size_bytes": 0,
                    "total_size_mb": 0,
                    "max_file_size_bytes": 0,
                    "max_file_name": "",
                    "subdirectories": [],
                    "extensions": [],
                    "max_file_size_mb": 0
                }
            ],
            "extensions": {
                "html": {
                    "count": 22,
                    "size_bytes": 329523
                },
                "js": {
                    "count": 2,
                    "size_bytes": 1106
                }
            },
            "max_file_size_mb": 0.2300000000000000099920072216264088638126850128173828125
        }
    ],
    "summary": {
        "total_directories": 1,
        "total_files": 24,
        "total_size_bytes": 330629,
        "total_size_mb": 0.320000000000000006661338147750939242541790008544921875,
        "total_size_gb": 0,
        "max_file_size_bytes": 243648,
        "max_file_size_mb": 0.2300000000000000099920072216264088638126850128173828125,
        "max_file_name": "referenc/directory.html"
    }
}