{
    "generated": "2026-03-22T15:30:32+00:00",
    "server": "hikina.inoatech.com",
    "base_path": "/home/nicholas/public_html",
    "directories": [
        {
            "path": "talks",
            "file_count": 19,
            "total_size_bytes": 356442,
            "total_size_mb": 0.340000000000000024424906541753443889319896697998046875,
            "max_file_size_bytes": 289098,
            "max_file_name": "talks/directory.html",
            "subdirectories": [
                {
                    "path": "talks/data",
                    "file_count": 0,
                    "total_size_bytes": 0,
                    "total_size_mb": 0,
                    "max_file_size_bytes": 0,
                    "max_file_name": "",
                    "subdirectories": [],
                    "extensions": [],
                    "max_file_size_mb": 0
                }
            ],
            "extensions": {
                "html": {
                    "count": 19,
                    "size_bytes": 356442
                }
            },
            "max_file_size_mb": 0.2800000000000000266453525910037569701671600341796875
        }
    ],
    "summary": {
        "total_directories": 1,
        "total_files": 19,
        "total_size_bytes": 356442,
        "total_size_mb": 0.340000000000000024424906541753443889319896697998046875,
        "total_size_gb": 0,
        "max_file_size_bytes": 289098,
        "max_file_size_mb": 0.2800000000000000266453525910037569701671600341796875,
        "max_file_name": "talks/directory.html"
    }
}