{
    "generated": "2026-03-22T15:30:32+00:00",
    "server": "hikina.inoatech.com",
    "base_path": "/home/nicholas/public_html",
    "directories": [
        {
            "path": "templates",
            "file_count": 8,
            "total_size_bytes": 31285,
            "total_size_mb": 0.0299999999999999988897769753748434595763683319091796875,
            "max_file_size_bytes": 10622,
            "max_file_name": "templates/nat-one-col-embedded-menu-css.html",
            "subdirectories": [
                {
                    "path": "templates/data",
                    "file_count": 0,
                    "total_size_bytes": 0,
                    "total_size_mb": 0,
                    "max_file_size_bytes": 0,
                    "max_file_name": "",
                    "subdirectories": [],
                    "extensions": [],
                    "max_file_size_mb": 0
                }
            ],
            "extensions": {
                "html": {
                    "count": 8,
                    "size_bytes": 31285
                }
            },
            "max_file_size_mb": 0.01000000000000000020816681711721685132943093776702880859375
        }
    ],
    "summary": {
        "total_directories": 1,
        "total_files": 8,
        "total_size_bytes": 31285,
        "total_size_mb": 0.0299999999999999988897769753748434595763683319091796875,
        "total_size_gb": 0,
        "max_file_size_bytes": 10622,
        "max_file_size_mb": 0.01000000000000000020816681711721685132943093776702880859375,
        "max_file_name": "templates/nat-one-col-embedded-menu-css.html"
    }
}