{
    "generated": "2026-03-22T15:30:32+00:00",
    "server": "hikina.inoatech.com",
    "base_path": "/home/nicholas/public_html",
    "directories": [
        {
            "path": "tidy",
            "file_count": 19,
            "total_size_bytes": 373790,
            "total_size_mb": 0.35999999999999998667732370449812151491641998291015625,
            "max_file_size_bytes": 296526,
            "max_file_name": "tidy/directory.html",
            "subdirectories": [
                {
                    "path": "tidy/data",
                    "file_count": 0,
                    "total_size_bytes": 0,
                    "total_size_mb": 0,
                    "max_file_size_bytes": 0,
                    "max_file_name": "",
                    "subdirectories": [],
                    "extensions": [],
                    "max_file_size_mb": 0
                }
            ],
            "extensions": {
                "html": {
                    "count": 19,
                    "size_bytes": 373790
                }
            },
            "max_file_size_mb": 0.2800000000000000266453525910037569701671600341796875
        }
    ],
    "summary": {
        "total_directories": 1,
        "total_files": 19,
        "total_size_bytes": 373790,
        "total_size_mb": 0.35999999999999998667732370449812151491641998291015625,
        "total_size_gb": 0,
        "max_file_size_bytes": 296526,
        "max_file_size_mb": 0.2800000000000000266453525910037569701671600341796875,
        "max_file_name": "tidy/directory.html"
    }
}